gene,num 1st pos,num 2nd pos,num 3rd pos,A to T,A to G,A to C,T to A,T to G,T to C,G to A,G to T,G to C,C to A,C to T,C to G,

Km_atpA,41.02,46.55,12.43,0.00,21.60,19.51,0.00,1.62,33.12,13.42,0.00,7.60,0.00,3.13,0.00
Km_atpB,52.09,38.01,9.90,0.00,27.23,24.43,0.00,3.45,25.80,6.13,0.00,9.72,0.00,3.25,0.00
Km_cbbx,43.90,41.99,14.11,0.00,27.32,22.13,0.00,0.00,24.83,8.25,0.00,14.59,0.00,2.88,0.00
Km_chlI,40.83,41.21,17.96,0.00,46.77,12.02,0.00,0.00,29.58,5.87,0.00,5.76,0.00,0.00,0.00
Km_clpC,45.52,54.48,0.00,0.00,36.99,12.58,0.00,0.00,37.52,4.35,0.00,4.35,0.00,4.21,0.00
Km_dnaK5,80.88,9.55,9.57,0.00,25.81,35.86,0.00,0.00,19.18,0.00,0.00,9.70,0.00,0.00,9.45
Km_psaA,37.46,48.44,14.11,0.00,31.99,21.22,0.00,0.00,24.95,5.49,0.00,16.34,0.00,0.00,0.00
Km_psbA,14.24,0.00,85.76,0.00,0.00,0.00,0.00,0.00,81.29,0.00,0.00,4.66,0.00,14.04,0.00
Km_psbC,40.00,31.81,28.19,0.00,17.76,8.85,0.00,0.00,50.23,7.21,0.00,10.54,1.81,3.60,0.00
Km_psbD,18.87,0.00,81.13,0.00,0.00,9.66,0.00,0.00,62.36,0.00,0.00,0.00,0.00,27.98,0.00
Km_psbE,0.00,51.93,48.07,0.00,0.00,0.00,0.00,0.00,0.00,0.00,0.00,0.00,48.07,51.93,0.00
Km_rbcL,44.82,25.69,29.49,0.00,36.49,11.65,0.00,0.00,25.67,8.24,0.00,13.94,0.00,4.01,0.00
Km_rpl16,61.12,38.88,0.00,0.00,40.24,0.00,0.00,0.00,39.18,0.00,0.00,0.00,20.58,0.00,0.00
Km_rpl2,37.81,48.81,13.38,0.00,30.10,9.69,0.00,0.00,41.77,6.71,0.00,8.43,0.00,3.29,0.00
Km_rpl22,32.51,46.72,20.78,0.00,20.78,8.14,0.00,0.00,47.52,11.58,0.00,7.73,4.26,0.00,0.00
Km_rpoC1,43.25,28.46,28.29,0.00,35.08,24.25,0.00,0.00,28.48,0.00,0.00,12.19,0.00,0.00,0.00
Km_rps11,36.67,53.57,9.77,0.00,33.78,9.51,0.00,0.00,37.67,12.48,0.00,3.20,0.00,3.35,0.00
Km_rps12,47.19,34.83,17.98,0.00,29.44,0.00,5.95,0.00,34.75,6.38,0.00,11.67,11.82,0.00,0.00
Km_rps13,79.94,20.06,0.00,0.00,59.20,40.80,0.00,0.00,0.00,0.00,0.00,0.00,0.00,0.00,0.00
Km_rps19,24.69,26.37,48.95,0.00,51.05,0.00,0.00,0.00,48.95,0.00,0.00,0.00,0.00,0.00,0.00
Km_rps3,44.72,36.67,18.62,0.00,37.18,18.37,0.00,0.00,20.97,15.36,0.00,5.38,0.00,2.74,0.00
Km_rps7,40.02,54.53,5.45,0.00,47.45,4.88,0.00,2.77,27.35,7.71,0.00,9.84,0.00,0.00,0.00
Km_secA,50.07,46.02,3.91,0.00,38.64,7.80,0.00,0.00,41.82,0.00,0.00,11.74,0.00,0.00,0.00
Km_secY,49.34,42.93,7.73,0.00,41.86,22.32,0.00,0.00,25.74,5.01,0.00,2.54,0.00,2.53,0.00
Km_ycf39,51.09,40.22,8.69,0.00,31.26,14.87,0.00,0.00,37.31,6.80,0.00,8.30,0.00,1.46,0.00
Km_ycf4,33.86,52.63,13.51,0.00,26.67,6.85,0.00,0.00,59.40,7.08,0.00,0.00,0.00,0.00,0.00
