alignment position,genomic position,edited or not,positional entropy,average score difference
64,1,0,0.76,0
286,2,1,1.00,4.00
287,3,0,1.00,0
288,4,0,1.00,0
289,5,0,0.87,0
290,6,0,0.92,0
291,7,0,1.00,0
292,8,0,1.00,0
293,9,1,0.95,1.00
294,10,0,1.00,0
295,11,0,0.92,0
296,12,0,1.00,0
297,13,1,1.00,8.00
298,14,0,1.00,0
299,15,0,1.00,0
300,16,0,1.00,0
301,17,0,1.00,0
302,18,0,1.00,0
303,19,0,0.89,0
304,20,0,0.95,0
305,21,0,1.00,0
306,22,0,1.00,0
307,23,1,0.95,0.93
308,24,0,1.00,0
309,25,0,1.00,0
310,26,0,0.95,0
311,27,0,1.00,0
312,28,1,1.00,1.00
313,29,1,1.00,1.00
314,30,0,1.00,0
315,31,0,1.00,0
316,32,0,1.00,0
317,33,0,1.00,0
318,34,0,0.95,0
319,35,0,1.00,0
322,38,0,1.00,0
323,39,1,1.00,-1.00
324,40,0,0.73,0
325,41,0,0.42,0
326,42,0,0.31,0
327,43,0,0.81,0
328,44,0,1.00,0
332,48,0,0.76,0
333,49,0,1.00,0
334,50,0,0.95,0
335,51,1,0.95,-0.03
336,52,0,1.00,0
337,53,0,1.00,0
338,54,1,0.95,1.93
339,55,0,1.00,0
340,56,0,0.89,0
341,57,0,0.82,0
342,58,0,1.00,0
343,59,0,1.00,0
344,60,0,0.95,0
345,61,0,0.82,0
346,62,0,0.84,0
347,63,0,1.00,0
348,64,0,1.00,0
349,65,0,1.00,0
350,66,1,1.00,5.00
351,67,0,0.95,0
352,68,0,1.00,0
353,69,0,1.00,0
354,70,1,1.00,-6.00
355,71,0,1.00,0
356,72,0,0.95,0
357,73,0,1.00,0
358,74,0,1.00,0
359,75,0,1.00,0
360,76,0,1.00,0
361,77,1,1.00,-8.00
362,78,0,1.00,0
363,79,0,1.00,0
364,80,0,0.90,0
365,81,0,1.00,0
366,82,0,1.00,0
367,83,0,0.95,0
368,84,0,0.52,0
369,85,0,0.95,0
370,86,0,1.00,0
371,87,0,1.00,0
372,88,0,1.00,0
373,89,1,0.74,-0.63
374,90,0,1.00,0
375,91,1,0.80,0.93
376,92,1,0.95,-2.80
377,93,0,1.00,0
378,94,0,1.00,0
379,95,0,1.00,0
380,96,0,0.92,0
381,97,0,0.95,0
382,98,0,1.00,0
383,99,0,0.95,0
384,100,0,1.00,0
385,101,0,1.00,0
386,102,0,0.95,0
387,103,0,1.00,0
388,104,0,1.00,0
389,105,0,1.00,0
390,106,0,1.00,0
391,107,0,0.95,0
392,108,0,1.00,0
393,109,0,1.00,0
394,110,0,0.71,0
395,111,1,0.90,2.83
396,112,1,0.90,3.87
397,113,0,0.95,0
398,114,0,1.00,0
399,115,0,0.82,0
400,116,0,1.00,0
401,117,0,1.00,0
402,118,0,1.00,0
403,119,0,0.79,0
404,120,0,0.95,0
405,121,0,1.00,0
406,122,0,1.00,0
407,123,1,0.95,2.13
408,124,0,1.00,0
409,125,0,1.00,0
410,126,0,1.00,0
411,127,0,1.00,0
412,128,0,0.79,0
413,129,0,1.00,0
414,130,0,1.00,0
415,131,0,0.82,0
416,132,0,1.00,0
417,133,0,1.00,0
418,134,1,0.92,3.07
419,135,0,0.95,0
420,136,0,1.00,0
421,137,0,0.89,0
422,138,0,1.00,0
423,139,0,0.90,0
424,140,0,1.00,0
425,141,0,0.95,0
426,142,0,0.56,0
427,143,1,0.73,-0.63
428,144,0,0.95,0
429,145,0,0.82,0
430,146,0,0.58,0
431,147,0,0.80,0
432,148,0,1.00,0
433,149,1,0.90,1.03
434,150,0,0.87,0
435,151,0,1.00,0
436,152,1,0.46,-0.20
437,153,1,1.00,0.00
438,154,0,0.95,0
439,155,0,1.00,0
440,156,0,1.00,0
441,157,1,0.57,3.13
442,158,0,1.00,0
443,159,0,1.00,0
444,160,0,1.00,0
445,161,0,0.51,0
446,162,1,0.85,-0.10
447,163,0,0.58,0
448,164,0,0.73,0
449,165,1,1.00,2.00
450,166,0,0.69,0
451,167,0,0.65,0
452,168,0,0.92,0
453,169,1,0.70,0.47
454,170,0,0.78,0
455,171,0,1.00,0
456,172,1,0.65,-1.93
457,173,0,0.90,0
458,174,1,0.48,-0.97
459,175,0,0.92,0
460,176,0,0.90,0
461,177,0,0.59,0
462,178,1,0.95,2.10
463,179,0,0.70,0
464,180,0,0.73,0
465,181,0,1.00,0
466,182,1,0.68,-1.00
467,183,0,0.95,0
468,184,0,0.95,0
469,185,0,0.48,0
470,186,1,0.66,-0.67
471,187,0,0.49,0
472,188,0,0.61,0
473,189,0,0.34,0
474,190,1,0.45,0.90
475,191,0,0.80,0
476,192,1,0.37,1.07
477,193,1,0.28,0.30
478,194,0,0.80,0
479,195,0,0.40,0
480,196,1,0.24,0.20
481,197,0,0.31,0
482,198,0,0.82,0
483,199,0,0.73,0
484,200,1,0.36,3.20
485,201,0,0.46,0
486,202,1,0.76,1.13
492,203,0,0.42,0
493,204,0,0.70,0
494,205,1,0.55,-2.93
495,206,0,0.60,0
496,207,1,0.38,3.20
497,208,1,0.70,-6.67
498,209,0,0.30,0
499,210,1,0.58,0.87
500,211,1,0.35,-0.37
501,212,0,0.65,0
502,213,1,0.39,-0.67
503,214,0,0.61,0
504,215,0,0.60,0
505,216,1,0.77,-3.47
506,217,1,0.53,1.50
507,218,0,0.69,0
508,219,1,0.44,-0.70
509,220,0,0.41,0
510,221,1,0.60,1.83
511,222,0,0.60,0
512,223,0,0.85,0
513,224,0,0.49,0
527,238,0,0.53,0
528,239,0,0.87,0
529,240,0,0.81,0
530,241,1,0.41,2.07
531,242,0,0.59,0
532,243,0,0.78,0
533,244,0,0.36,0
534,245,0,0.58,0
535,246,0,0.36,0
536,247,0,0.65,0
537,248,0,0.41,0
538,249,0,0.25,0
539,250,0,0.62,0
540,251,0,0.32,0
541,252,1,0.19,0.10
